"group_id","sequence","family","genus","order","scientific","scientific_by_db.embl_20211221_fungi_Fung01_filtered_e4_l900_Fungi_family","species"
4,"TCTCCGTTGGTGAACCAGCGGAGGGATCATTACCGAGTTTACAAACTCCCAAACCCCTGTGAACTTATACCTATACGTTGCTTCGGCGGGACTCGCCCCGGCTGCCAACCCGCTCGCGGGGAGGCGGACCGGACCCAGGCGCCCGCCGGAGGACCCAAACTCTTCTGTCTCTCATAGCGGCATGTCTGAGTGGATTTTTATACAAAATGAATCAA","Clavicipitaceae",NA,"Hypocreales","Clavicipitaceae","Clavicipitaceae",NA
1,"TCTCCGTAGGTGAACCTGCGGAGGGATCATTACAGAGTTCTCGCCCTCCCGGGTAGATCTCCCACCCCCTGTGATTGCTACCGTGTTTCTTTGGCGGGCCGCCGGGCCCTGCCCGGCCGCCAGGCGACCCCGCCGGCGCGCGCCCGCCAGAGGCTCCCCAAACCCTGAATGTCAGTGTCGTCCGAGTAACACACAATAGTTAA","Myxotrichaceae","Oidiodendron",NA,"Oidiodendron","Oidiodendron",NA
5,"TCTCCGTTGGTGAACCAGCGGAGGGATCATTACTGAGTGTAAAAACTCCCAAACCACTGTGAACATACCATGTTGCTTCGGCGGTTCCCGTCCTGTCCTGCCTCACCGCGAGCCAGGCCGGGCCGCCGCTGGAGGACCCAAACTCTTGTCTTTATAGTGACTTTCTGAGTGGCATAAGCAAAATAAATCAA",NA,NA,NA,"leotiomyceta","leotiomyceta",NA
2,"TCTCCGTTGGTGAACCAGCGGAGGGATCATTACAGAGTTGAAAGACTCCCAATACCATCGCGAACGTTACCCTTAAACCGTTGCTTCGGCGGGCGGGGTCGTCTTCGGACGCTTTCCCCCCCGGCCCCGTTTCCGCGGGGCGCCCGCCGGAGGCCACACAAACTCTTGATACCCGTGCGGCCTCTCTGAGTATTCTGTACTGAATAAGTCAA","Chaetomiaceae",NA,"Sordariales","Chaetomiaceae","Chaetomiaceae",NA
3,"TCTCCGTTGGTGAACCAGCGGAGGGATCATTACAGAGTTGAAAGACTCCTAAACCACTGTGAACATACCCGTGAGCGTTGCCTCGGCGGGCGGCCCCAGGGCGGGGCCGCCGCCTCCCCCAGCGGGAGGTGCCCGCCGCAGTCCCATACAAACCATATTGAATCCCTAGTGGCCTCTCTGAGTCGGTTACCAATAATTAA",NA,NA,NA,"leotiomyceta","leotiomyceta",NA
6,"TTCCCGTAGGTGAACCTGCGGAAGGATCATTACAGAGAATATCGCCCTTATGGGTGACTCTCCAACCCAATGTTATTCTATCTTTGTTGCTTTGGCGAGCCGCCTTGGCCACCGGCTCACGCTGGTGAGTGCTTGCCAGAGGACCCAAAACTCTGAATTAAAGTATTGTCTGAGTACTATATAATAGTTAA","Hamatocanthoscyphaceae",NA,"Helotiales","Hamatocanthoscyphaceae","Hamatocanthoscyphaceae",NA
5,"TCTCCGTTGGTGAACCAGCGGAGGGATCATTACTGAGTGTAAAAACTCCCAAACCACTGTGAACATACCATGTTGCTTCGGCGGTTCCCGTCCTGTCCTGCCTCACCGCGAGCCAGGCCGGGCCGCCGCTGGAGGACCCAAACTCTTGTCTTTATAGTGACTTTCTGAGTGGCATAAGCAAAATAAATCAA",NA,NA,NA,"Hypocreomycetidae","Hypocreomycetidae",NA
4,"TCTCCGTTGGTGAACCAGCGGAGGGATCATTACCGAGTTTACAAACTCCCAAACCCCTGTGAACTTATACCTATACGTTGCTTCGGCGGGACTCGCCCCGGCTGCCAACCCGCTCGCGGGGAGGCGGACCGGACCCAGGCGCCCGCCGGAGGACCCAAACTCTTCTGTCTCTCATAGCGGCATGTCTGAGTGGATTTTTATACAAAATGAATCAA","Clavicipitaceae","Pochonia","Hypocreales","Pochonia chlamydosporia","Pochonia chlamydosporia","Pochonia chlamydosporia"
3,"TCTCCGTTGGTGAACCAGCGGAGGGATCATTACAGAGTTGAAAGACTCCTAAACCACTGTGAACATACCCGTGAGCGTTGCCTCGGCGGGCGGCCCCAGGGCGGGGCCGCCGCCTCCCCCAGCGGGAGGTGCCCGCCGCAGTCCCATACAAACCATATTGAATCCCTAGTGGCCTCTCTGAGTCGGTTACCAATAATTAA","Cephalothecaceae","Phialemonium","Sordariales","Phialemonium sp. SM13-27-22-1","Phialemonium sp. SM13-27-22-1","Phialemonium sp. SM13-27-22-1"
2,"TCTCCGTTGGTGAACCAGCGGAGGGATCATTACAGAGTTGAAAGACTCCCAATACCATCGCGAACGTTACCCTTAAACCGTTGCTTCGGCGGGCGGGGTCGTCTTCGGACGCTTTCCCCCCCGGCCCCGTTTCCGCGGGGCGCCCGCCGGAGGCCACACAAACTCTTGATACCCGTGCGGCCTCTCTGAGTATTCTGTACTGAATAAGTCAA",NA,NA,NA,"Sordariomycetes","Sordariomycetes",NA
1,"TCTCCGTAGGTGAACCTGCGGAGGGATCATTACAGAGTTCTCGCCCTCCCGGGTAGATCTCCCACCCCCTGTGATTGCTACCGTGTTTCTTTGGCGGGCCGCCGGGCCCTGCCCGGCCGCCAGGCGACCCCGCCGGCGCGCGCCCGCCAGAGGCTCCCCAAACCCTGAATGTCAGTGTCGTCCGAGTAACACACAATAGTTAA",NA,NA,NA,"Dikarya","Dikarya",NA
6,"TTCCCGTAGGTGAACCTGCGGAAGGATCATTACAGAGAATATCGCCCTTATGGGTGACTCTCCAACCCAATGTTATTCTATCTTTGTTGCTTTGGCGAGCCGCCTTGGCCACCGGCTCACGCTGGTGAGTGCTTGCCAGAGGACCCAAAACTCTGAATTAAAGTATTGTCTGAGTACTATATAATAGTTAA",NA,NA,"Helotiales","Helotiales","Helotiales",NA
